{
    "Projects": [
        {
            "Name": "Balance",
            "Description": "Improve work-life balance.",
            "Icon": "\uea28",
            "Category": { "Title": "work", "Color": "#3068df" },
            "Tags": [
                { "Title": "work", "Color": "#3068df" }
            ],
            "Tasks": [
                { "Title": "Survey Employees", "IsCompleted": false },
                { "Title": "Analyze Survey Results", "IsCompleted": false },
                { "Title": "Develop Action Plan", "IsCompleted": false }
            ]
        },
        {
            "Name": "Personal",
            "Description": "Learn to speak another language.",
            "Icon": "\uf8fe",
            "Category": { "Title": "education", "Color": "#8800FF" },
            "Tags": [
                { "Title": "personal", "Color": "#FF4500" }
            ],
            "Tasks": [
                { "Title": "Read a Book", "IsCompleted": false },
                { "Title": "Attend a Workshop", "IsCompleted": false },
                { "Title": "Practice a Hobby", "IsCompleted": false }
            ]
        },
        {
            "Name": "Fitness",
            "Description": "Promote health and fitness activities",
            "Icon": "\uf837",
            "Category": { "Title": "self", "Color": "#FF3300" },
            "Tags": [
                { "Title": "health", "Color": "#32CD32" }
            ],
            "Tasks": [
                { "Title": "Morning Yoga", "IsCompleted": false },
                { "Title": "Evening Run", "IsCompleted": false },
                { "Title": "Healthy Cooking Class", "IsCompleted": false }
            ]
        },
        {
            "Name": "Family and Friends",
            "Description": "Strengthen relationships with family and friends.",
            "Icon": "\uf5a9",
            "Category": { "Title": "relationships", "Color": "#FF9900" },
            "Tags": [
                { "Title": "family", "Color": "#1E90FF" },
                { "Title": "friends", "Color": "#FF69B4" }
            ],
            "Tasks": [
                { "Title": "Plan a Family Reunion", "IsCompleted": false },
                { "Title": "Organize a Friends' Get-together", "IsCompleted": false },
                { "Title": "Weekly Phone Calls", "IsCompleted": false }
            ]
        }
    ]
}